"A1306S","G4181T"
"P2046L","C6402T"
"P2287S","C7124T"
"V2930L","G9053T"
"T3255I","C10029T"
"T3646A","A11201G"
"P314L","C14408T"
"G662S","G15451A"
"L829I","C15952A"
"P1000L","C16466T"
"A1918V","C19220T"
"T19R","C21618G"
"G142D","G21987A"
"E156G","A22029G"
"DEL157/158","-22028-"
"L452R","T22917G"
"T478K","C22995A"
"D614G","A23403G"
"P681R","C23604G"
"D950N","G24410A"
"S26L","C25469T"
"I82T","T26767C"
"V82A","T27638C"
"T120I","C27752T"
"T40I","C27874T"
"DEL119/120","-28249-"
"Q9L","A28299T"
"D63G","A28461G"
"R203M","G28881T"
"G215C","G28916T"
"D377Y","G29402T"
