"S135R","T670G"
"G1307S","G4184A"
"T3090I","C9534T"
"T3255I","C10029T"
"P3395H","C10449A"
"DEL3675/77","-11287-"
"P314L","C14408T"
"I1566V","A18163G"
"A67V","C21762T"
"DEL69/70","-21764-"
"T95I","C21846T"
"G142D","G21987A"
"DEL143/45","-21986-"
"N211I","A22194T"
"DEL212","-22193-"
"G339D","G22578A"
"S317L","T22673C"
"S317L","C22674T"
"S373P","T22679C"
"S375F","C22686T"
"D405N","G22775A"
"K417N","G22814T"
"N440K","T22883G"
"S477N","G22992A"
"T478K","C22995A"
"E484A","A23013C"
"Q493R","A23040G"
"Q498R","A23055G"
"N501Y","A23063T"
"Y505H","T23075C"
"D614G","A23403G"
"H655Y","C23525T"
"N679K","T23599G"
"P681H","C23604A"
"N764K","C23854A"
"D796Y","G23948T"
"Q954H","A24424T"
"N969K","T24469A"
"T223I","C26060T"
"T9I","C26270T"
"Q19E","C26577G"
"A63T","G26709A"
"P13L","C28311T"
"DEL31/33","-28362-"
"R203K","G28881A"
"R203K","G28882A"
"G204R","G28883C"
"S413R","A29510C"
