"L452R","T22917G"
"D3N","G26529A"
"L37F","C29666T"
"S135R","T670G"
"T842I","C2790T"
"G1307S","G4184A"
"L3027F","C9344T"
"T3090I","C9534T"
"T3255I","C10029T"
"P3395H","C10449A"
"DEL3675/77","-11287-"
"P314L","C14408T"
"R1315C","C17410T"
"I1566V","A18163G"
"T2163I","C19955T"
"T19I","C21618T"
"DEL25/27","-21632-"
"DEL69/70","-21764-"
"G142D","G21987A"
"V213G","T22200G"
"G339D","G22578A"
"S371F","C22674T"
"S373P","T22679C"
"S375F","C22686T"
"T376A","A22688G"
"D405N","G22775A"
"R408S","A22786C"
"K417N","G22814T"
"N440K","T22883G"
"S477N","G22992A"
"T478K","C22995A"
"E484A","A23013C"
"F486V","T23018G"
"Q498R","A23055G"
"N501Y","A23063T"
"Y505H","T23075C"
"D614G","A23403G"
"H655Y","C23525T"
"N679K","T23599G"
"P681H","C23604A"
"N764K","C23854A"
"D796Y","G23948T"
"Q954H","A24424T"
"N969K","T24469A"
"T223I","C26060T"
"T9I","C26270T"
"Q19E","C26577G"
"A63T","G26709A"
"P13L","C28311T"
"DEL31/33","-28362-"
"R203K","G28881A"
"R203K","G28882A"
"G204R","G28883C"
"S413R","A29510C"
