"K47R","A405G"
"S135R","T670G"
"T842I","C2790T"
"G1307S","G4184A"
"L3027F","C9344T"
"T3090I","C9534T"
"L3201F","C9866T"
"T3255I","C10029T"
"P3395H","C10449A"
"P314L","C14408T"
"G662S","G15451A"
"S959P","T16342C"
"R1315C","C17410T"
"I1566V","A18163G"
"T2163I","C19955T"
"T19I","C21618T"
"V83A","T21810C"
"G142D","G21987A"
"H146Q","C22000A"
"Q183E","C22109G"
"V213E","T22200A"
"G339H","G22577C"
"G339H","G22578A"
"R346T","G22599C"
"S371F","C22674T"
"S373P","T22679C"
"S375F","C22686T"
"T376A","A22688G"
"D405N","G22775A"
"R408S","A22786C"
"K417N","G22813T"
"N440K","T22882G"
"V445P","G22895C"
"V445P","T22896C"
"G446S","G22898A"
"N460K","T22942A"
"S477N","G22992A"
"T478K","C22995A"
"E484A","A23013C"
"F486S","T23019C"
"F490S","T23031C"
"Q498R","A23055G"
"N501Y","A23063T"
"Y505H","T23075C"
"D614G","A23403G"
"H655Y","C23525T"
"N679K","T23599G"
"P681H","C23604A"
"N764K","C23854A"
"D796Y","G23948T"
"Q954H","A24424T"
"N969K","T24469A"
"T223I","C26060T"
"T9I","C26270T"
"T11A","A26275G"
"Q19E","C26577G"
"A63T","G26709A"
"D61L","G27382C"
"D61L","A27383T"
"D61L","T27384C"
"P13L","C28311T"
"R203K","G28881A"
"R203K","G28882A"
"G204R","G28883C"
"S413R","A29510C"
